id,kind,attrs_json
python:target_repo/bin/dbt-local-dev.py,script,"{""name"": ""python:target_repo/bin/dbt-local-dev.py"", ""kind"": ""script"", ""source_files"": [""target_repo/bin/dbt-local-dev.py""]}"
"
            INSERT OR REPLACE INTO _glue_source_registry
            (view_name, glue_database, glue_table, metadata_location, registered_at)
            VALUES (?, ?, ?, ?, CURRENT_TIMESTAMP)
        ",dataset,"{""name"": ""\n            INSERT OR REPLACE INTO _glue_source_registry\n            (view_name, glue_database, glue_table, metadata_location, registered_at)\n            VALUES (?, ?, ?, ?, CURRENT_TIMESTAMP)\n        "", ""kind"": ""dataset"", ""source_files"": [""target_repo/bin/dbt-local-dev.py""]}"
"f""INSTALL {ext}",dataset,"{""name"": ""f\""INSTALL {ext}"", ""kind"": ""dataset"", ""source_files"": [""target_repo/bin/dbt-local-dev.py""]}"
"f""LOAD {ext}",dataset,"{""name"": ""f\""LOAD {ext}"", ""kind"": ""dataset"", ""source_files"": [""target_repo/bin/dbt-local-dev.py""]}"
CALL load_aws_credentials(),dataset,"{""name"": ""CALL load_aws_credentials()"", ""kind"": ""dataset"", ""source_files"": [""target_repo/bin/dbt-local-dev.py""]}"
"
            CREATE TABLE IF NOT EXISTS _glue_source_registry (
                view_name VARCHAR PRIMARY KEY,
                glue_database VARCHAR,
                glue_table VARCHAR,
                metadata_location VARCHAR,
                registered_at TIMESTAMP DEFAULT CURRENT_TIMESTAMP
            )
        ",dataset,"{""name"": ""\n            CREATE TABLE IF NOT EXISTS _glue_source_registry (\n                view_name VARCHAR PRIMARY KEY,\n                glue_database VARCHAR,\n                glue_table VARCHAR,\n                metadata_location VARCHAR,\n                registered_at TIMESTAMP DEFAULT CURRENT_TIMESTAMP\n            )\n        "", ""kind"": ""dataset"", ""source_files"": [""target_repo/bin/dbt-local-dev.py""]}"
"
                    SELECT view_name, metadata_location
                    FROM _glue_source_registry
                    WHERE glue_database = ?
                ",dataset,"{""name"": ""\n                    SELECT view_name, metadata_location\n                    FROM _glue_source_registry\n                    WHERE glue_database = ?\n                "", ""kind"": ""dataset"", ""source_files"": [""target_repo/bin/dbt-local-dev.py""]}"
"
            SELECT
                view_name,
                glue_database,
                glue_table,
                registered_at
            FROM _glue_source_registry
            ORDER BY registered_at DESC
        ",dataset,"{""name"": ""\n            SELECT\n                view_name,\n                glue_database,\n                glue_table,\n                registered_at\n            FROM _glue_source_registry\n            ORDER BY registered_at DESC\n        "", ""kind"": ""dataset"", ""source_files"": [""target_repo/bin/dbt-local-dev.py""]}"
"f'DROP TABLE IF EXISTS ""{schema}"".""{name}",dataset,"{""name"": ""f'DROP TABLE IF EXISTS \""{schema}\"".\""{name}"", ""kind"": ""dataset"", ""source_files"": [""target_repo/bin/dbt-local-dev.py""]}"
VACUUM,dataset,"{""name"": ""VACUUM"", ""kind"": ""dataset"", ""source_files"": [""target_repo/bin/dbt-local-dev.py""]}"
CHECKPOINT,dataset,"{""name"": ""CHECKPOINT"", ""kind"": ""dataset"", ""source_files"": [""target_repo/bin/dbt-local-dev.py""]}"
"f""SHOW SCHEMAS FROM {catalog}",dataset,"{""name"": ""f\""SHOW SCHEMAS FROM {catalog}"", ""kind"": ""dataset"", ""source_files"": [""target_repo/bin/dbt-local-dev.py""]}"
"f""SHOW TABLES FROM {catalog}.{schema}",dataset,"{""name"": ""f\""SHOW TABLES FROM {catalog}.{schema}"", ""kind"": ""dataset"", ""source_files"": [""target_repo/bin/dbt-local-dev.py""]}"
"f""SELECT table_name FROM {catalog}.information_schema.views ",dataset,"{""name"": ""f\""SELECT table_name FROM {catalog}.information_schema.views "", ""kind"": ""dataset"", ""source_files"": [""target_repo/bin/dbt-local-dev.py""]}"
"f""SET s3_region='{region}",dataset,"{""name"": ""f\""SET s3_region='{region}"", ""kind"": ""dataset"", ""source_files"": [""target_repo/bin/dbt-local-dev.py""]}"
INSTALL httpfs,dataset,"{""name"": ""INSTALL httpfs"", ""kind"": ""dataset"", ""source_files"": [""target_repo/bin/dbt-local-dev.py""]}"
LOAD httpfs,dataset,"{""name"": ""LOAD httpfs"", ""kind"": ""dataset"", ""source_files"": [""target_repo/bin/dbt-local-dev.py""]}"
INSTALL aws,dataset,"{""name"": ""INSTALL aws"", ""kind"": ""dataset"", ""source_files"": [""target_repo/bin/dbt-local-dev.py""]}"
LOAD aws,dataset,"{""name"": ""LOAD aws"", ""kind"": ""dataset"", ""source_files"": [""target_repo/bin/dbt-local-dev.py""]}"
INSTALL iceberg,dataset,"{""name"": ""INSTALL iceberg"", ""kind"": ""dataset"", ""source_files"": [""target_repo/bin/dbt-local-dev.py""]}"
LOAD iceberg,dataset,"{""name"": ""LOAD iceberg"", ""kind"": ""dataset"", ""source_files"": [""target_repo/bin/dbt-local-dev.py""]}"
"
            SELECT
                glue_database,
                COUNT(*) as table_count
            FROM _glue_source_registry
            GROUP BY glue_database
            ORDER BY glue_database
        ",dataset,"{""name"": ""\n            SELECT\n                glue_database,\n                COUNT(*) as table_count\n            FROM _glue_source_registry\n            GROUP BY glue_database\n            ORDER BY glue_database\n        "", ""kind"": ""dataset"", ""source_files"": [""target_repo/bin/dbt-local-dev.py""]}"
python:target_repo/bin/uv-operations.py,script,"{""name"": ""python:target_repo/bin/uv-operations.py"", ""kind"": ""script"", ""source_files"": [""target_repo/bin/uv-operations.py""]}"
python:target_repo/bin/dbt-create-staging-models.py,script,"{""name"": ""python:target_repo/bin/dbt-create-staging-models.py"", ""kind"": ""script"", ""source_files"": [""target_repo/bin/dbt-create-staging-models.py""]}"
python:target_repo/bin/utils/chunk_tracking_logs_by_day.py,script,"{""name"": ""python:target_repo/bin/utils/chunk_tracking_logs_by_day.py"", ""kind"": ""script"", ""source_files"": [""target_repo/bin/utils/chunk_tracking_logs_by_day.py""]}"
"f""Processing files for {date_str}\n\n",dataset,"{""name"": ""f\""Processing files for {date_str}\\n\\n"", ""kind"": ""dataset"", ""source_files"": [""target_repo/bin/utils/chunk_tracking_logs_by_day.py""]}"
"f""Copying {source_bucket}/{srckey} to {dest_bucket}/{destkey}\n",dataset,"{""name"": ""f\""Copying {source_bucket}/{srckey} to {dest_bucket}/{destkey}\\n"", ""kind"": ""dataset"", ""source_files"": [""target_repo/bin/utils/chunk_tracking_logs_by_day.py""]}"
"f""Deleting {obj_key} from {source_bucket}\n",dataset,"{""name"": ""f\""Deleting {obj_key} from {source_bucket}\\n"", ""kind"": ""dataset"", ""source_files"": [""target_repo/bin/utils/chunk_tracking_logs_by_day.py""]}"
"f""Refusing to delete {source_bucket}/{srckey} because it ",dataset,"{""name"": ""f\""Refusing to delete {source_bucket}/{srckey} because it "", ""kind"": ""dataset"", ""source_files"": [""target_repo/bin/utils/chunk_tracking_logs_by_day.py""]}"
python:target_repo/dg_deployments/reconcile_edxorg_partitions.py,script,"{""name"": ""python:target_repo/dg_deployments/reconcile_edxorg_partitions.py"", ""kind"": ""script"", ""source_files"": [""target_repo/dg_deployments/reconcile_edxorg_partitions.py""]}"
python:target_repo/src/ol_orchestrate/__init__.py,script,"{""name"": ""python:target_repo/src/ol_orchestrate/__init__.py"", ""kind"": ""script"", ""source_files"": [""target_repo/src/ol_orchestrate/__init__.py""]}"
python:target_repo/src/ol_superset/ol_superset/__init__.py,script,"{""name"": ""python:target_repo/src/ol_superset/ol_superset/__init__.py"", ""kind"": ""script"", ""source_files"": [""target_repo/src/ol_superset/ol_superset/__init__.py""]}"
python:target_repo/src/ol_superset/ol_superset/cli.py,script,"{""name"": ""python:target_repo/src/ol_superset/ol_superset/cli.py"", ""kind"": ""script"", ""source_files"": [""target_repo/src/ol_superset/ol_superset/cli.py""]}"
python:target_repo/src/ol_superset/ol_superset/commands/apply_rls.py,script,"{""name"": ""python:target_repo/src/ol_superset/ol_superset/commands/apply_rls.py"", ""kind"": ""script"", ""source_files"": [""target_repo/src/ol_superset/ol_superset/commands/apply_rls.py""]}"
python:target_repo/src/ol_superset/ol_superset/commands/dedupe.py,script,"{""name"": ""python:target_repo/src/ol_superset/ol_superset/commands/dedupe.py"", ""kind"": ""script"", ""source_files"": [""target_repo/src/ol_superset/ol_superset/commands/dedupe.py""]}"
python:target_repo/src/ol_superset/ol_superset/commands/sync.py,script,"{""name"": ""python:target_repo/src/ol_superset/ol_superset/commands/sync.py"", ""kind"": ""script"", ""source_files"": [""target_repo/src/ol_superset/ol_superset/commands/sync.py""]}"
python:target_repo/src/ol_superset/ol_superset/commands/__init__.py,script,"{""name"": ""python:target_repo/src/ol_superset/ol_superset/commands/__init__.py"", ""kind"": ""script"", ""source_files"": [""target_repo/src/ol_superset/ol_superset/commands/__init__.py""]}"
python:target_repo/src/ol_superset/ol_superset/commands/promote.py,script,"{""name"": ""python:target_repo/src/ol_superset/ol_superset/commands/promote.py"", ""kind"": ""script"", ""source_files"": [""target_repo/src/ol_superset/ol_superset/commands/promote.py""]}"
"# Superset Assets Promotion Manifest
",dataset,"{""name"": ""# Superset Assets Promotion Manifest\n"", ""kind"": ""dataset"", ""source_files"": [""target_repo/src/ol_superset/ol_superset/commands/promote.py""]}"
"# Source: QA (bi-qa.ol.mit.edu)
",dataset,"{""name"": ""# Source: QA (bi-qa.ol.mit.edu)\n"", ""kind"": ""dataset"", ""source_files"": [""target_repo/src/ol_superset/ol_superset/commands/promote.py""]}"
"# Target: Production (bi.ol.mit.edu)
",dataset,"{""name"": ""# Target: Production (bi.ol.mit.edu)\n"", ""kind"": ""dataset"", ""source_files"": [""target_repo/src/ol_superset/ol_superset/commands/promote.py""]}"
"
",dataset,"{""name"": ""\n"", ""kind"": ""dataset"", ""source_files"": [""target_repo/src/ol_superset/ol_superset/commands/promote.py"", ""target_repo/packages/ol-orchestrate-lib/src/ol_orchestrate/lib/openedx.py""]}"
"## Published Dashboards Promoted
",dataset,"{""name"": ""## Published Dashboards Promoted\n"", ""kind"": ""dataset"", ""source_files"": [""target_repo/src/ol_superset/ol_superset/commands/promote.py""]}"
"f""- {title} (file: {dashboard_file.name})\n",dataset,"{""name"": ""f\""- {title} (file: {dashboard_file.name})\\n"", ""kind"": ""dataset"", ""source_files"": [""target_repo/src/ol_superset/ol_superset/commands/promote.py""]}"
"f""- (file: {dashboard_file.name})\n",dataset,"{""name"": ""f\""- (file: {dashboard_file.name})\\n"", ""kind"": ""dataset"", ""source_files"": [""target_repo/src/ol_superset/ol_superset/commands/promote.py""]}"
python:target_repo/src/ol_superset/ol_superset/commands/export.py,script,"{""name"": ""python:target_repo/src/ol_superset/ol_superset/commands/export.py"", ""kind"": ""script"", ""source_files"": [""target_repo/src/ol_superset/ol_superset/commands/export.py""]}"
python:target_repo/src/ol_superset/ol_superset/commands/refresh.py,script,"{""name"": ""python:target_repo/src/ol_superset/ol_superset/commands/refresh.py"", ""kind"": ""script"", ""source_files"": [""target_repo/src/ol_superset/ol_superset/commands/refresh.py""]}"
python:target_repo/src/ol_superset/ol_superset/commands/validate.py,script,"{""name"": ""python:target_repo/src/ol_superset/ol_superset/commands/validate.py"", ""kind"": ""script"", ""source_files"": [""target_repo/src/ol_superset/ol_superset/commands/validate.py""]}"
python:target_repo/src/ol_superset/ol_superset/commands/lock.py,script,"{""name"": ""python:target_repo/src/ol_superset/ol_superset/commands/lock.py"", ""kind"": ""script"", ""source_files"": [""target_repo/src/ol_superset/ol_superset/commands/lock.py""]}"
python:target_repo/src/ol_superset/ol_superset/lib/__init__.py,script,"{""name"": ""python:target_repo/src/ol_superset/ol_superset/lib/__init__.py"", ""kind"": ""script"", ""source_files"": [""target_repo/src/ol_superset/ol_superset/lib/__init__.py""]}"
python:target_repo/src/ol_superset/ol_superset/lib/superset_api.py,script,"{""name"": ""python:target_repo/src/ol_superset/ol_superset/lib/superset_api.py"", ""kind"": ""script"", ""source_files"": [""target_repo/src/ol_superset/ol_superset/lib/superset_api.py""]}"
b'<html><body><h1>Authorization successful!</h1>',dataset,"{""name"": ""b'<html><body><h1>Authorization successful!</h1>'"", ""kind"": ""dataset"", ""source_files"": [""target_repo/src/ol_superset/ol_superset/lib/superset_api.py""]}"
b'<html><body><h1>Authorization failed!</h1>',dataset,"{""name"": ""b'<html><body><h1>Authorization failed!</h1>'"", ""kind"": ""dataset"", ""source_files"": [""target_repo/src/ol_superset/ol_superset/lib/superset_api.py""]}"
python:target_repo/src/ol_superset/ol_superset/lib/database_mapping.py,script,"{""name"": ""python:target_repo/src/ol_superset/ol_superset/lib/database_mapping.py"", ""kind"": ""script"", ""source_files"": [""target_repo/src/ol_superset/ol_superset/lib/database_mapping.py""]}"
python:target_repo/src/ol_superset/ol_superset/lib/utils.py,script,"{""name"": ""python:target_repo/src/ol_superset/ol_superset/lib/utils.py"", ""kind"": ""script"", ""source_files"": [""target_repo/src/ol_superset/ol_superset/lib/utils.py""]}"
python:target_repo/packages/ol-orchestrate-lib/src/ol_orchestrate/__init__.py,script,"{""name"": ""python:target_repo/packages/ol-orchestrate-lib/src/ol_orchestrate/__init__.py"", ""kind"": ""script"", ""source_files"": [""target_repo/packages/ol-orchestrate-lib/src/ol_orchestrate/__init__.py""]}"
python:target_repo/packages/ol-orchestrate-lib/src/ol_orchestrate/resources/api_client.py,script,"{""name"": ""python:target_repo/packages/ol-orchestrate-lib/src/ol_orchestrate/resources/api_client.py"", ""kind"": ""script"", ""source_files"": [""target_repo/packages/ol-orchestrate-lib/src/ol_orchestrate/resources/api_client.py""]}"
python:target_repo/packages/ol-orchestrate-lib/src/ol_orchestrate/resources/canvas_api.py,script,"{""name"": ""python:target_repo/packages/ol-orchestrate-lib/src/ol_orchestrate/resources/canvas_api.py"", ""kind"": ""script"", ""source_files"": [""target_repo/packages/ol-orchestrate-lib/src/ol_orchestrate/resources/canvas_api.py""]}"
python:target_repo/packages/ol-orchestrate-lib/src/ol_orchestrate/resources/outputs.py,script,"{""name"": ""python:target_repo/packages/ol-orchestrate-lib/src/ol_orchestrate/resources/outputs.py"", ""kind"": ""script"", ""source_files"": [""target_repo/packages/ol-orchestrate-lib/src/ol_orchestrate/resources/outputs.py""]}"
python:target_repo/packages/ol-orchestrate-lib/src/ol_orchestrate/resources/github.py,script,"{""name"": ""python:target_repo/packages/ol-orchestrate-lib/src/ol_orchestrate/resources/github.py"", ""kind"": ""script"", ""source_files"": [""target_repo/packages/ol-orchestrate-lib/src/ol_orchestrate/resources/github.py""]}"
python:target_repo/packages/ol-orchestrate-lib/src/ol_orchestrate/resources/__init__.py,script,"{""name"": ""python:target_repo/packages/ol-orchestrate-lib/src/ol_orchestrate/resources/__init__.py"", ""kind"": ""script"", ""source_files"": [""target_repo/packages/ol-orchestrate-lib/src/ol_orchestrate/resources/__init__.py""]}"
python:target_repo/packages/ol-orchestrate-lib/src/ol_orchestrate/resources/api_client_factory.py,script,"{""name"": ""python:target_repo/packages/ol-orchestrate-lib/src/ol_orchestrate/resources/api_client_factory.py"", ""kind"": ""script"", ""source_files"": [""target_repo/packages/ol-orchestrate-lib/src/ol_orchestrate/resources/api_client_factory.py""]}"
python:target_repo/packages/ol-orchestrate-lib/src/ol_orchestrate/resources/oauth.py,script,"{""name"": ""python:target_repo/packages/ol-orchestrate-lib/src/ol_orchestrate/resources/oauth.py"", ""kind"": ""script"", ""source_files"": [""target_repo/packages/ol-orchestrate-lib/src/ol_orchestrate/resources/oauth.py""]}"
python:target_repo/packages/ol-orchestrate-lib/src/ol_orchestrate/resources/learn_api.py,script,"{""name"": ""python:target_repo/packages/ol-orchestrate-lib/src/ol_orchestrate/resources/learn_api.py"", ""kind"": ""script"", ""source_files"": [""target_repo/packages/ol-orchestrate-lib/src/ol_orchestrate/resources/learn_api.py""]}"
python:target_repo/packages/ol-orchestrate-lib/src/ol_orchestrate/resources/bigquery_db.py,script,"{""name"": ""python:target_repo/packages/ol-orchestrate-lib/src/ol_orchestrate/resources/bigquery_db.py"", ""kind"": ""script"", ""source_files"": [""target_repo/packages/ol-orchestrate-lib/src/ol_orchestrate/resources/bigquery_db.py""]}"
python:target_repo/packages/ol-orchestrate-lib/src/ol_orchestrate/resources/openedx.py,script,"{""name"": ""python:target_repo/packages/ol-orchestrate-lib/src/ol_orchestrate/resources/openedx.py"", ""kind"": ""script"", ""source_files"": [""target_repo/packages/ol-orchestrate-lib/src/ol_orchestrate/resources/openedx.py""]}"
python:target_repo/packages/ol-orchestrate-lib/src/ol_orchestrate/resources/postgres_db.py,script,"{""name"": ""python:target_repo/packages/ol-orchestrate-lib/src/ol_orchestrate/resources/postgres_db.py"", ""kind"": ""script"", ""source_files"": [""target_repo/packages/ol-orchestrate-lib/src/ol_orchestrate/resources/postgres_db.py""]}"
python:target_repo/packages/ol-orchestrate-lib/src/ol_orchestrate/resources/gcp_gcs.py,script,"{""name"": ""python:target_repo/packages/ol-orchestrate-lib/src/ol_orchestrate/resources/gcp_gcs.py"", ""kind"": ""script"", ""source_files"": [""target_repo/packages/ol-orchestrate-lib/src/ol_orchestrate/resources/gcp_gcs.py""]}"
python:target_repo/packages/ol-orchestrate-lib/src/ol_orchestrate/resources/athena_db.py,script,"{""name"": ""python:target_repo/packages/ol-orchestrate-lib/src/ol_orchestrate/resources/athena_db.py"", ""kind"": ""script"", ""source_files"": [""target_repo/packages/ol-orchestrate-lib/src/ol_orchestrate/resources/athena_db.py""]}"
python:target_repo/packages/ol-orchestrate-lib/src/ol_orchestrate/resources/secrets/vault.py,script,"{""name"": ""python:target_repo/packages/ol-orchestrate-lib/src/ol_orchestrate/resources/secrets/vault.py"", ""kind"": ""script"", ""source_files"": [""target_repo/packages/ol-orchestrate-lib/src/ol_orchestrate/resources/secrets/vault.py""]}"
python:target_repo/packages/ol-orchestrate-lib/src/ol_orchestrate/resources/secrets/__init__.py,script,"{""name"": ""python:target_repo/packages/ol-orchestrate-lib/src/ol_orchestrate/resources/secrets/__init__.py"", ""kind"": ""script"", ""source_files"": [""target_repo/packages/ol-orchestrate-lib/src/ol_orchestrate/resources/secrets/__init__.py""]}"
python:target_repo/packages/ol-orchestrate-lib/src/ol_orchestrate/schedules/__init__.py,script,"{""name"": ""python:target_repo/packages/ol-orchestrate-lib/src/ol_orchestrate/schedules/__init__.py"", ""kind"": ""script"", ""source_files"": [""target_repo/packages/ol-orchestrate-lib/src/ol_orchestrate/schedules/__init__.py""]}"
python:target_repo/packages/ol-orchestrate-lib/src/ol_orchestrate/ops/__init__.py,script,"{""name"": ""python:target_repo/packages/ol-orchestrate-lib/src/ol_orchestrate/ops/__init__.py"", ""kind"": ""script"", ""source_files"": [""target_repo/packages/ol-orchestrate-lib/src/ol_orchestrate/ops/__init__.py""]}"
python:target_repo/packages/ol-orchestrate-lib/src/ol_orchestrate/io_managers/__init__.py,script,"{""name"": ""python:target_repo/packages/ol-orchestrate-lib/src/ol_orchestrate/io_managers/__init__.py"", ""kind"": ""script"", ""source_files"": [""target_repo/packages/ol-orchestrate-lib/src/ol_orchestrate/io_managers/__init__.py""]}"
python:target_repo/packages/ol-orchestrate-lib/src/ol_orchestrate/io_managers/filepath.py,script,"{""name"": ""python:target_repo/packages/ol-orchestrate-lib/src/ol_orchestrate/io_managers/filepath.py"", ""kind"": ""script"", ""source_files"": [""target_repo/packages/ol-orchestrate-lib/src/ol_orchestrate/io_managers/filepath.py""]}"
python:target_repo/packages/ol-orchestrate-lib/src/ol_orchestrate/jobs/__init__.py,script,"{""name"": ""python:target_repo/packages/ol-orchestrate-lib/src/ol_orchestrate/jobs/__init__.py"", ""kind"": ""script"", ""source_files"": [""target_repo/packages/ol-orchestrate-lib/src/ol_orchestrate/jobs/__init__.py""]}"
python:target_repo/packages/ol-orchestrate-lib/src/ol_orchestrate/assets/__init__.py,script,"{""name"": ""python:target_repo/packages/ol-orchestrate-lib/src/ol_orchestrate/assets/__init__.py"", ""kind"": ""script"", ""source_files"": [""target_repo/packages/ol-orchestrate-lib/src/ol_orchestrate/assets/__init__.py""]}"
python:target_repo/packages/ol-orchestrate-lib/src/ol_orchestrate/sensors/__init__.py,script,"{""name"": ""python:target_repo/packages/ol-orchestrate-lib/src/ol_orchestrate/sensors/__init__.py"", ""kind"": ""script"", ""source_files"": [""target_repo/packages/ol-orchestrate-lib/src/ol_orchestrate/sensors/__init__.py""]}"
python:target_repo/packages/ol-orchestrate-lib/src/ol_orchestrate/sensors/object_storage.py,script,"{""name"": ""python:target_repo/packages/ol-orchestrate-lib/src/ol_orchestrate/sensors/object_storage.py"", ""kind"": ""script"", ""source_files"": [""target_repo/packages/ol-orchestrate-lib/src/ol_orchestrate/sensors/object_storage.py""]}"
python:target_repo/packages/ol-orchestrate-lib/src/ol_orchestrate/partitions/__init__.py,script,"{""name"": ""python:target_repo/packages/ol-orchestrate-lib/src/ol_orchestrate/partitions/__init__.py"", ""kind"": ""script"", ""source_files"": [""target_repo/packages/ol-orchestrate-lib/src/ol_orchestrate/partitions/__init__.py""]}"
python:target_repo/packages/ol-orchestrate-lib/src/ol_orchestrate/partitions/edxorg.py,script,"{""name"": ""python:target_repo/packages/ol-orchestrate-lib/src/ol_orchestrate/partitions/edxorg.py"", ""kind"": ""script"", ""source_files"": [""target_repo/packages/ol-orchestrate-lib/src/ol_orchestrate/partitions/edxorg.py""]}"
python:target_repo/packages/ol-orchestrate-lib/src/ol_orchestrate/lib/yaml_config_helper.py,script,"{""name"": ""python:target_repo/packages/ol-orchestrate-lib/src/ol_orchestrate/lib/yaml_config_helper.py"", ""kind"": ""script"", ""source_files"": [""target_repo/packages/ol-orchestrate-lib/src/ol_orchestrate/lib/yaml_config_helper.py""]}"
python:target_repo/packages/ol-orchestrate-lib/src/ol_orchestrate/lib/glue_helper.py,script,"{""name"": ""python:target_repo/packages/ol-orchestrate-lib/src/ol_orchestrate/lib/glue_helper.py"", ""kind"": ""script"", ""source_files"": [""target_repo/packages/ol-orchestrate-lib/src/ol_orchestrate/lib/glue_helper.py""]}"
python:target_repo/packages/ol-orchestrate-lib/src/ol_orchestrate/lib/dagster_helpers.py,script,"{""name"": ""python:target_repo/packages/ol-orchestrate-lib/src/ol_orchestrate/lib/dagster_helpers.py"", ""kind"": ""script"", ""source_files"": [""target_repo/packages/ol-orchestrate-lib/src/ol_orchestrate/lib/dagster_helpers.py""]}"
python:target_repo/packages/ol-orchestrate-lib/src/ol_orchestrate/lib/constants.py,script,"{""name"": ""python:target_repo/packages/ol-orchestrate-lib/src/ol_orchestrate/lib/constants.py"", ""kind"": ""script"", ""source_files"": [""target_repo/packages/ol-orchestrate-lib/src/ol_orchestrate/lib/constants.py""]}"
python:target_repo/packages/ol-orchestrate-lib/src/ol_orchestrate/lib/automation_policies.py,script,"{""name"": ""python:target_repo/packages/ol-orchestrate-lib/src/ol_orchestrate/lib/automation_policies.py"", ""kind"": ""script"", ""source_files"": [""target_repo/packages/ol-orchestrate-lib/src/ol_orchestrate/lib/automation_policies.py""]}"
python:target_repo/packages/ol-orchestrate-lib/src/ol_orchestrate/lib/hooks.py,script,"{""name"": ""python:target_repo/packages/ol-orchestrate-lib/src/ol_orchestrate/lib/hooks.py"", ""kind"": ""script"", ""source_files"": [""target_repo/packages/ol-orchestrate-lib/src/ol_orchestrate/lib/hooks.py""]}"
python:target_repo/packages/ol-orchestrate-lib/src/ol_orchestrate/lib/__init__.py,script,"{""name"": ""python:target_repo/packages/ol-orchestrate-lib/src/ol_orchestrate/lib/__init__.py"", ""kind"": ""script"", ""source_files"": [""target_repo/packages/ol-orchestrate-lib/src/ol_orchestrate/lib/__init__.py""]}"
python:target_repo/packages/ol-orchestrate-lib/src/ol_orchestrate/lib/file_rendering.py,script,"{""name"": ""python:target_repo/packages/ol-orchestrate-lib/src/ol_orchestrate/lib/file_rendering.py"", ""kind"": ""script"", ""source_files"": [""target_repo/packages/ol-orchestrate-lib/src/ol_orchestrate/lib/file_rendering.py""]}"
python:target_repo/packages/ol-orchestrate-lib/src/ol_orchestrate/lib/openedx.py,script,"{""name"": ""python:target_repo/packages/ol-orchestrate-lib/src/ol_orchestrate/lib/openedx.py"", ""kind"": ""script"", ""source_files"": [""target_repo/packages/ol-orchestrate-lib/src/ol_orchestrate/lib/openedx.py""]}"
python:target_repo/packages/ol-orchestrate-lib/src/ol_orchestrate/lib/utils.py,script,"{""name"": ""python:target_repo/packages/ol-orchestrate-lib/src/ol_orchestrate/lib/utils.py"", ""kind"": ""script"", ""source_files"": [""target_repo/packages/ol-orchestrate-lib/src/ol_orchestrate/lib/utils.py""]}"
python:target_repo/packages/ol-orchestrate-lib/src/ol_orchestrate/lib/arrow_helper.py,script,"{""name"": ""python:target_repo/packages/ol-orchestrate-lib/src/ol_orchestrate/lib/arrow_helper.py"", ""kind"": ""script"", ""source_files"": [""target_repo/packages/ol-orchestrate-lib/src/ol_orchestrate/lib/arrow_helper.py""]}"
python:target_repo/packages/ol-orchestrate-lib/src/ol_orchestrate/lib/dagster_types/__init__.py,script,"{""name"": ""python:target_repo/packages/ol-orchestrate-lib/src/ol_orchestrate/lib/dagster_types/__init__.py"", ""kind"": ""script"", ""source_files"": [""target_repo/packages/ol-orchestrate-lib/src/ol_orchestrate/lib/dagster_types/__init__.py""]}"
python:target_repo/packages/ol-orchestrate-lib/src/ol_orchestrate/lib/dagster_types/files.py,script,"{""name"": ""python:target_repo/packages/ol-orchestrate-lib/src/ol_orchestrate/lib/dagster_types/files.py"", ""kind"": ""script"", ""source_files"": [""target_repo/packages/ol-orchestrate-lib/src/ol_orchestrate/lib/dagster_types/files.py""]}"
python:target_repo/packages/ol-orchestrate-lib/src/ol_orchestrate/lib/dagster_types/google.py,script,"{""name"": ""python:target_repo/packages/ol-orchestrate-lib/src/ol_orchestrate/lib/dagster_types/google.py"", ""kind"": ""script"", ""source_files"": [""target_repo/packages/ol-orchestrate-lib/src/ol_orchestrate/lib/dagster_types/google.py""]}"
python:target_repo/packages/ol-orchestrate-lib/src/ol_orchestrate/lib/postgres/event_log.py,script,"{""name"": ""python:target_repo/packages/ol-orchestrate-lib/src/ol_orchestrate/lib/postgres/event_log.py"", ""kind"": ""script"", ""source_files"": [""target_repo/packages/ol-orchestrate-lib/src/ol_orchestrate/lib/postgres/event_log.py""]}"
python:target_repo/packages/ol-orchestrate-lib/src/ol_orchestrate/lib/postgres/__init__.py,script,"{""name"": ""python:target_repo/packages/ol-orchestrate-lib/src/ol_orchestrate/lib/postgres/__init__.py"", ""kind"": ""script"", ""source_files"": [""target_repo/packages/ol-orchestrate-lib/src/ol_orchestrate/lib/postgres/__init__.py""]}"
python:target_repo/packages/ol-orchestrate-lib/src/ol_orchestrate/lib/postgres/schedule_storage.py,script,"{""name"": ""python:target_repo/packages/ol-orchestrate-lib/src/ol_orchestrate/lib/postgres/schedule_storage.py"", ""kind"": ""script"", ""source_files"": [""target_repo/packages/ol-orchestrate-lib/src/ol_orchestrate/lib/postgres/schedule_storage.py""]}"
python:target_repo/packages/ol-orchestrate-lib/src/ol_orchestrate/lib/postgres/run_storage.py,script,"{""name"": ""python:target_repo/packages/ol-orchestrate-lib/src/ol_orchestrate/lib/postgres/run_storage.py"", ""kind"": ""script"", ""source_files"": [""target_repo/packages/ol-orchestrate-lib/src/ol_orchestrate/lib/postgres/run_storage.py""]}"
python:target_repo/dg_projects/__init__.py,script,"{""name"": ""python:target_repo/dg_projects/__init__.py"", ""kind"": ""script"", ""source_files"": [""target_repo/dg_projects/__init__.py""]}"
python:target_repo/dg_projects/learning_resources/learning_resources/definitions.py,script,"{""name"": ""python:target_repo/dg_projects/learning_resources/learning_resources/definitions.py"", ""kind"": ""script"", ""source_files"": [""target_repo/dg_projects/learning_resources/learning_resources/definitions.py""]}"
python:target_repo/dg_projects/learning_resources/learning_resources/__init__.py,script,"{""name"": ""python:target_repo/dg_projects/learning_resources/learning_resources/__init__.py"", ""kind"": ""script"", ""source_files"": [""target_repo/dg_projects/learning_resources/learning_resources/__init__.py""]}"
python:target_repo/dg_projects/learning_resources/learning_resources/resources/__init__.py,script,"{""name"": ""python:target_repo/dg_projects/learning_resources/learning_resources/resources/__init__.py"", ""kind"": ""script"", ""source_files"": [""target_repo/dg_projects/learning_resources/learning_resources/resources/__init__.py""]}"
python:target_repo/dg_projects/learning_resources/learning_resources/defs/__init__.py,script,"{""name"": ""python:target_repo/dg_projects/learning_resources/learning_resources/defs/__init__.py"", ""kind"": ""script"", ""source_files"": [""target_repo/dg_projects/learning_resources/learning_resources/defs/__init__.py""]}"
python:target_repo/dg_projects/learning_resources/learning_resources/assets/open_learning_library.py,script,"{""name"": ""python:target_repo/dg_projects/learning_resources/learning_resources/assets/open_learning_library.py"", ""kind"": ""script"", ""source_files"": [""target_repo/dg_projects/learning_resources/learning_resources/assets/open_learning_library.py""]}"
python:target_repo/dg_projects/learning_resources/learning_resources/assets/__init__.py,script,"{""name"": ""python:target_repo/dg_projects/learning_resources/learning_resources/assets/__init__.py"", ""kind"": ""script"", ""source_files"": [""target_repo/dg_projects/learning_resources/learning_resources/assets/__init__.py""]}"
python:target_repo/dg_projects/learning_resources/learning_resources/assets/video_shorts.py,script,"{""name"": ""python:target_repo/dg_projects/learning_resources/learning_resources/assets/video_shorts.py"", ""kind"": ""script"", ""source_files"": [""target_repo/dg_projects/learning_resources/learning_resources/assets/video_shorts.py""]}"
python:target_repo/dg_projects/learning_resources/learning_resources/assets/sloan_api.py,script,"{""name"": ""python:target_repo/dg_projects/learning_resources/learning_resources/assets/sloan_api.py"", ""kind"": ""script"", ""source_files"": [""target_repo/dg_projects/learning_resources/learning_resources/assets/sloan_api.py""]}"
python:target_repo/dg_projects/learning_resources/learning_resources/sensors/__init__.py,script,"{""name"": ""python:target_repo/dg_projects/learning_resources/learning_resources/sensors/__init__.py"", ""kind"": ""script"", ""source_files"": [""target_repo/dg_projects/learning_resources/learning_resources/sensors/__init__.py""]}"
python:target_repo/dg_projects/learning_resources/learning_resources/sensors/video_shorts.py,script,"{""name"": ""python:target_repo/dg_projects/learning_resources/learning_resources/sensors/video_shorts.py"", ""kind"": ""script"", ""source_files"": [""target_repo/dg_projects/learning_resources/learning_resources/sensors/video_shorts.py""]}"
python:target_repo/dg_projects/learning_resources/learning_resources/lib/contants.py,script,"{""name"": ""python:target_repo/dg_projects/learning_resources/learning_resources/lib/contants.py"", ""kind"": ""script"", ""source_files"": [""target_repo/dg_projects/learning_resources/learning_resources/lib/contants.py""]}"
python:target_repo/dg_projects/learning_resources/learning_resources/lib/__init__.py,script,"{""name"": ""python:target_repo/dg_projects/learning_resources/learning_resources/lib/__init__.py"", ""kind"": ""script"", ""source_files"": [""target_repo/dg_projects/learning_resources/learning_resources/lib/__init__.py""]}"
python:target_repo/dg_projects/learning_resources/learning_resources/lib/video_processing.py,script,"{""name"": ""python:target_repo/dg_projects/learning_resources/learning_resources/lib/video_processing.py"", ""kind"": ""script"", ""source_files"": [""target_repo/dg_projects/learning_resources/learning_resources/lib/video_processing.py""]}"
python:target_repo/dg_projects/learning_resources/learning_resources/lib/google_sheets.py,script,"{""name"": ""python:target_repo/dg_projects/learning_resources/learning_resources/lib/google_sheets.py"", ""kind"": ""script"", ""source_files"": [""target_repo/dg_projects/learning_resources/learning_resources/lib/google_sheets.py""]}"
python:target_repo/dg_projects/learning_resources/learning_resources_tests/__init__.py,script,"{""name"": ""python:target_repo/dg_projects/learning_resources/learning_resources_tests/__init__.py"", ""kind"": ""script"", ""source_files"": [""target_repo/dg_projects/learning_resources/learning_resources_tests/__init__.py""]}"
python:target_repo/dg_projects/legacy_openedx/legacy_openedx/definitions.py,script,"{""name"": ""python:target_repo/dg_projects/legacy_openedx/legacy_openedx/definitions.py"", ""kind"": ""script"", ""source_files"": [""target_repo/dg_projects/legacy_openedx/legacy_openedx/definitions.py""]}"
python:target_repo/dg_projects/legacy_openedx/legacy_openedx/__init__.py,script,"{""name"": ""python:target_repo/dg_projects/legacy_openedx/legacy_openedx/__init__.py"", ""kind"": ""script"", ""source_files"": [""target_repo/dg_projects/legacy_openedx/legacy_openedx/__init__.py""]}"
python:target_repo/dg_projects/legacy_openedx/legacy_openedx/resources/sqlite_db.py,script,"{""name"": ""python:target_repo/dg_projects/legacy_openedx/legacy_openedx/resources/sqlite_db.py"", ""kind"": ""script"", ""source_files"": [""target_repo/dg_projects/legacy_openedx/legacy_openedx/resources/sqlite_db.py""]}"
python:target_repo/dg_projects/legacy_openedx/legacy_openedx/resources/mysql_db.py,script,"{""name"": ""python:target_repo/dg_projects/legacy_openedx/legacy_openedx/resources/mysql_db.py"", ""kind"": ""script"", ""source_files"": [""target_repo/dg_projects/legacy_openedx/legacy_openedx/resources/mysql_db.py""]}"
python:target_repo/dg_projects/legacy_openedx/legacy_openedx/resources/__init__.py,script,"{""name"": ""python:target_repo/dg_projects/legacy_openedx/legacy_openedx/resources/__init__.py"", ""kind"": ""script"", ""source_files"": [""target_repo/dg_projects/legacy_openedx/legacy_openedx/resources/__init__.py""]}"
python:target_repo/dg_projects/legacy_openedx/legacy_openedx/resources/healthchecks.py,script,"{""name"": ""python:target_repo/dg_projects/legacy_openedx/legacy_openedx/resources/healthchecks.py"", ""kind"": ""script"", ""source_files"": [""target_repo/dg_projects/legacy_openedx/legacy_openedx/resources/healthchecks.py""]}"
python:target_repo/dg_projects/legacy_openedx/legacy_openedx/schedules/open_edx.py,script,"{""name"": ""python:target_repo/dg_projects/legacy_openedx/legacy_openedx/schedules/open_edx.py"", ""kind"": ""script"", ""source_files"": [""target_repo/dg_projects/legacy_openedx/legacy_openedx/schedules/open_edx.py""]}"
python:target_repo/dg_projects/legacy_openedx/legacy_openedx/schedules/__init__.py,script,"{""name"": ""python:target_repo/dg_projects/legacy_openedx/legacy_openedx/schedules/__init__.py"", ""kind"": ""script"", ""source_files"": [""target_repo/dg_projects/legacy_openedx/legacy_openedx/schedules/__init__.py""]}"
python:target_repo/dg_projects/legacy_openedx/legacy_openedx/ops/open_edx.py,script,"{""name"": ""python:target_repo/dg_projects/legacy_openedx/legacy_openedx/ops/open_edx.py"", ""kind"": ""script"", ""source_files"": [""target_repo/dg_projects/legacy_openedx/legacy_openedx/ops/open_edx.py""]}"
python:target_repo/dg_projects/legacy_openedx/legacy_openedx/ops/__init__.py,script,"{""name"": ""python:target_repo/dg_projects/legacy_openedx/legacy_openedx/ops/__init__.py"", ""kind"": ""script"", ""source_files"": [""target_repo/dg_projects/legacy_openedx/legacy_openedx/ops/__init__.py""]}"
python:target_repo/dg_projects/legacy_openedx/legacy_openedx/repositories/__init__.py,script,"{""name"": ""python:target_repo/dg_projects/legacy_openedx/legacy_openedx/repositories/__init__.py"", ""kind"": ""script"", ""source_files"": [""target_repo/dg_projects/legacy_openedx/legacy_openedx/repositories/__init__.py""]}"
python:target_repo/dg_projects/legacy_openedx/legacy_openedx/jobs/open_edx.py,script,"{""name"": ""python:target_repo/dg_projects/legacy_openedx/legacy_openedx/jobs/open_edx.py"", ""kind"": ""script"", ""source_files"": [""target_repo/dg_projects/legacy_openedx/legacy_openedx/jobs/open_edx.py""]}"
python:target_repo/dg_projects/legacy_openedx/legacy_openedx/jobs/__init__.py,script,"{""name"": ""python:target_repo/dg_projects/legacy_openedx/legacy_openedx/jobs/__init__.py"", ""kind"": ""script"", ""source_files"": [""target_repo/dg_projects/legacy_openedx/legacy_openedx/jobs/__init__.py""]}"
python:target_repo/dg_projects/legacy_openedx/legacy_openedx/sensors/__init__.py,script,"{""name"": ""python:target_repo/dg_projects/legacy_openedx/legacy_openedx/sensors/__init__.py"", ""kind"": ""script"", ""source_files"": [""target_repo/dg_projects/legacy_openedx/legacy_openedx/sensors/__init__.py""]}"
python:target_repo/dg_projects/legacy_openedx/legacy_openedx/lib/__init__.py,script,"{""name"": ""python:target_repo/dg_projects/legacy_openedx/legacy_openedx/lib/__init__.py"", ""kind"": ""script"", ""source_files"": [""target_repo/dg_projects/legacy_openedx/legacy_openedx/lib/__init__.py""]}"
python:target_repo/dg_projects/legacy_openedx/legacy_openedx_tests/__init__.py,script,"{""name"": ""python:target_repo/dg_projects/legacy_openedx/legacy_openedx_tests/__init__.py"", ""kind"": ""script"", ""source_files"": [""target_repo/dg_projects/legacy_openedx/legacy_openedx_tests/__init__.py""]}"
python:target_repo/dg_projects/data_loading/data_loading_tests/__init__.py,script,"{""name"": ""python:target_repo/dg_projects/data_loading/data_loading_tests/__init__.py"", ""kind"": ""script"", ""source_files"": [""target_repo/dg_projects/data_loading/data_loading_tests/__init__.py""]}"
python:target_repo/dg_projects/data_loading/data_loading/definitions.py,script,"{""name"": ""python:target_repo/dg_projects/data_loading/data_loading/definitions.py"", ""kind"": ""script"", ""source_files"": [""target_repo/dg_projects/data_loading/data_loading/definitions.py""]}"
python:target_repo/dg_projects/data_loading/data_loading/__init__.py,script,"{""name"": ""python:target_repo/dg_projects/data_loading/data_loading/__init__.py"", ""kind"": ""script"", ""source_files"": [""target_repo/dg_projects/data_loading/data_loading/__init__.py""]}"
python:target_repo/dg_projects/data_loading/data_loading/defs/__init__.py,script,"{""name"": ""python:target_repo/dg_projects/data_loading/data_loading/defs/__init__.py"", ""kind"": ""script"", ""source_files"": [""target_repo/dg_projects/data_loading/data_loading/defs/__init__.py""]}"
python:target_repo/dg_projects/data_loading/data_loading/defs/edxorg_s3_ingest/loads.py,script,"{""name"": ""python:target_repo/dg_projects/data_loading/data_loading/defs/edxorg_s3_ingest/loads.py"", ""kind"": ""script"", ""source_files"": [""target_repo/dg_projects/data_loading/data_loading/defs/edxorg_s3_ingest/loads.py""]}"
python:target_repo/dg_projects/data_loading/data_loading/defs/edxorg_s3_ingest/dagster_assets.py,script,"{""name"": ""python:target_repo/dg_projects/data_loading/data_loading/defs/edxorg_s3_ingest/dagster_assets.py"", ""kind"": ""script"", ""source_files"": [""target_repo/dg_projects/data_loading/data_loading/defs/edxorg_s3_ingest/dagster_assets.py""]}"
python:target_repo/dg_projects/data_loading/data_loading/defs/edxorg_s3_ingest/defs.py,script,"{""name"": ""python:target_repo/dg_projects/data_loading/data_loading/defs/edxorg_s3_ingest/defs.py"", ""kind"": ""script"", ""source_files"": [""target_repo/dg_projects/data_loading/data_loading/defs/edxorg_s3_ingest/defs.py""]}"
python:target_repo/dg_projects/data_loading/data_loading/defs/edxorg_s3_ingest/__init__.py,script,"{""name"": ""python:target_repo/dg_projects/data_loading/data_loading/defs/edxorg_s3_ingest/__init__.py"", ""kind"": ""script"", ""source_files"": [""target_repo/dg_projects/data_loading/data_loading/defs/edxorg_s3_ingest/__init__.py""]}"
python:target_repo/dg_projects/data_loading/data_loading/components/__init__.py,script,"{""name"": ""python:target_repo/dg_projects/data_loading/data_loading/components/__init__.py"", ""kind"": ""script"", ""source_files"": [""target_repo/dg_projects/data_loading/data_loading/components/__init__.py""]}"
python:target_repo/dg_projects/openedx/openedx_tests/__init__.py,script,"{""name"": ""python:target_repo/dg_projects/openedx/openedx_tests/__init__.py"", ""kind"": ""script"", ""source_files"": [""target_repo/dg_projects/openedx/openedx_tests/__init__.py""]}"
python:target_repo/dg_projects/openedx/openedx/definitions.py,script,"{""name"": ""python:target_repo/dg_projects/openedx/openedx/definitions.py"", ""kind"": ""script"", ""source_files"": [""target_repo/dg_projects/openedx/openedx/definitions.py""]}"
python:target_repo/dg_projects/openedx/openedx/__init__.py,script,"{""name"": ""python:target_repo/dg_projects/openedx/openedx/__init__.py"", ""kind"": ""script"", ""source_files"": [""target_repo/dg_projects/openedx/openedx/__init__.py""]}"
python:target_repo/dg_projects/openedx/openedx/schedules/open_edx.py,script,"{""name"": ""python:target_repo/dg_projects/openedx/openedx/schedules/open_edx.py"", ""kind"": ""script"", ""source_files"": [""target_repo/dg_projects/openedx/openedx/schedules/open_edx.py""]}"
python:target_repo/dg_projects/openedx/openedx/schedules/__init__.py,script,"{""name"": ""python:target_repo/dg_projects/openedx/openedx/schedules/__init__.py"", ""kind"": ""script"", ""source_files"": [""target_repo/dg_projects/openedx/openedx/schedules/__init__.py""]}"
python:target_repo/dg_projects/openedx/openedx/ops/__init__.py,script,"{""name"": ""python:target_repo/dg_projects/openedx/openedx/ops/__init__.py"", ""kind"": ""script"", ""source_files"": [""target_repo/dg_projects/openedx/openedx/ops/__init__.py""]}"
python:target_repo/dg_projects/openedx/openedx/ops/normalize_logs.py,script,"{""name"": ""python:target_repo/dg_projects/openedx/openedx/ops/normalize_logs.py"", ""kind"": ""script"", ""source_files"": [""target_repo/dg_projects/openedx/openedx/ops/normalize_logs.py""]}"
DROP TABLE IF EXISTS tracking_logs,dataset,"{""name"": ""DROP TABLE IF EXISTS tracking_logs"", ""kind"": ""dataset"", ""source_files"": [""target_repo/dg_projects/openedx/openedx/ops/normalize_logs.py"", ""target_repo/dg_projects/edxorg/edxorg/assets/edxorg_archive.py""]}"
"f""""""
            INSTALL httpfs;
            INSTALL json;
            LOAD httpfs;
            SET s3_access_key_id=""{config.s3_key}"";
            SET s3_secret_access_key=""{config.s3_secret}"";
            ",dataset,"{""name"": ""f\""\""\""\n            INSTALL httpfs;\n            INSTALL json;\n            LOAD httpfs;\n            SET s3_access_key_id=\""{config.s3_key}\"";\n            SET s3_secret_access_key=\""{config.s3_secret}\"";\n            "", ""kind"": ""dataset"", ""source_files"": [""target_repo/dg_projects/openedx/openedx/ops/normalize_logs.py""]}"
"f""""""
            SET s3_session_token=""{config.s3_token}"";
            ",dataset,"{""name"": ""f\""\""\""\n            SET s3_session_token=\""{config.s3_token}\"";\n            "", ""kind"": ""dataset"", ""source_files"": [""target_repo/dg_projects/openedx/openedx/ops/normalize_logs.py""]}"
"f""""""
            SET s3_region=""us-east-1"";
            CREATE TABLE tracking_logs AS
            SELECT * FROM read_ndjson_auto('{s3_path}',
            FILENAME=1, union_by_name=1, maximum_depth=1);
            ",dataset,"{""name"": ""f\""\""\""\n            SET s3_region=\""us-east-1\"";\n            CREATE TABLE tracking_logs AS\n            SELECT * FROM read_ndjson_auto('{s3_path}',\n            FILENAME=1, union_by_name=1, maximum_depth=1);\n            "", ""kind"": ""dataset"", ""source_files"": [""target_repo/dg_projects/openedx/openedx/ops/normalize_logs.py""]}"
"SELECT column_name FROM temp.information_schema.columns
                    WHERE table_name = 'tracking_logs'
                ",dataset,"{""name"": ""SELECT column_name FROM temp.information_schema.columns\n                    WHERE table_name = 'tracking_logs'\n                "", ""kind"": ""dataset"", ""source_files"": [""target_repo/dg_projects/openedx/openedx/ops/normalize_logs.py""]}"
"f""ALTER TABLE tracking_logs ALTER {col} TYPE VARCHAR",dataset,"{""name"": ""f\""ALTER TABLE tracking_logs ALTER {col} TYPE VARCHAR"", ""kind"": ""dataset"", ""source_files"": [""target_repo/dg_projects/openedx/openedx/ops/normalize_logs.py"", ""target_repo/dg_projects/edxorg/edxorg/assets/edxorg_archive.py""]}"
"UPDATE tracking_logs
            SET time = to_timestamp(CAST(time AS BIGINT))
            WHERE TRY_CAST(time AS BIGINT) IS NOT NULL
            ",dataset,"{""name"": ""UPDATE tracking_logs\n            SET time = to_timestamp(CAST(time AS BIGINT))\n            WHERE TRY_CAST(time AS BIGINT) IS NOT NULL\n            "", ""kind"": ""dataset"", ""source_files"": [""target_repo/dg_projects/openedx/openedx/ops/normalize_logs.py"", ""target_repo/dg_projects/edxorg/edxorg/assets/edxorg_archive.py""]}"
"
            UPDATE tracking_logs
            SET time = strftime(TRY_CAST(time AS TIMESTAMP), '%Y-%m-%d %H:%M:%S.%f')
            ",dataset,"{""name"": ""\n            UPDATE tracking_logs\n            SET time = strftime(TRY_CAST(time AS TIMESTAMP), '%Y-%m-%d %H:%M:%S.%f')\n            "", ""kind"": ""dataset"", ""source_files"": [""target_repo/dg_projects/openedx/openedx/ops/normalize_logs.py"", ""target_repo/dg_projects/edxorg/edxorg/assets/edxorg_archive.py""]}"
INSTALL json;,dataset,"{""name"": ""INSTALL json;"", ""kind"": ""dataset"", ""source_files"": [""target_repo/dg_projects/openedx/openedx/ops/normalize_logs.py"", ""target_repo/dg_projects/edxorg/edxorg/assets/edxorg_archive.py""]}"
SELECT DISTINCT filename FROM tracking_logs,dataset,"{""name"": ""SELECT DISTINCT filename FROM tracking_logs"", ""kind"": ""dataset"", ""source_files"": [""target_repo/dg_projects/openedx/openedx/ops/normalize_logs.py""]}"
"f""""""COPY (SELECT {"", "".join(columns)} FROM tracking_logs
                        WHERE filename = '{file_name}')
                        TO '{local_file_name}' (FORMAT JSON)
                    ",dataset,"{""name"": ""f\""\""\""COPY (SELECT {\"", \"".join(columns)} FROM tracking_logs\n                        WHERE filename = '{file_name}')\n                        TO '{local_file_name}' (FORMAT JSON)\n                    "", ""kind"": ""dataset"", ""source_files"": [""target_repo/dg_projects/openedx/openedx/ops/normalize_logs.py""]}"
python:target_repo/dg_projects/openedx/openedx/jobs/__init__.py,script,"{""name"": ""python:target_repo/dg_projects/openedx/openedx/jobs/__init__.py"", ""kind"": ""script"", ""source_files"": [""target_repo/dg_projects/openedx/openedx/jobs/__init__.py""]}"
python:target_repo/dg_projects/openedx/openedx/jobs/normalize_logs.py,script,"{""name"": ""python:target_repo/dg_projects/openedx/openedx/jobs/normalize_logs.py"", ""kind"": ""script"", ""source_files"": [""target_repo/dg_projects/openedx/openedx/jobs/normalize_logs.py""]}"
python:target_repo/dg_projects/openedx/openedx/components/openedx_deployment.py,script,"{""name"": ""python:target_repo/dg_projects/openedx/openedx/components/openedx_deployment.py"", ""kind"": ""script"", ""source_files"": [""target_repo/dg_projects/openedx/openedx/components/openedx_deployment.py""]}"
python:target_repo/dg_projects/openedx/openedx/components/__init__.py,script,"{""name"": ""python:target_repo/dg_projects/openedx/openedx/components/__init__.py"", ""kind"": ""script"", ""source_files"": [""target_repo/dg_projects/openedx/openedx/components/__init__.py""]}"
python:target_repo/dg_projects/openedx/openedx/assets/__init__.py,script,"{""name"": ""python:target_repo/dg_projects/openedx/openedx/assets/__init__.py"", ""kind"": ""script"", ""source_files"": [""target_repo/dg_projects/openedx/openedx/assets/__init__.py""]}"
python:target_repo/dg_projects/openedx/openedx/assets/openedx.py,script,"{""name"": ""python:target_repo/dg_projects/openedx/openedx/assets/openedx.py"", ""kind"": ""script"", ""source_files"": [""target_repo/dg_projects/openedx/openedx/assets/openedx.py""]}"
python:target_repo/dg_projects/openedx/openedx/sensors/__init__.py,script,"{""name"": ""python:target_repo/dg_projects/openedx/openedx/sensors/__init__.py"", ""kind"": ""script"", ""source_files"": [""target_repo/dg_projects/openedx/openedx/sensors/__init__.py""]}"
python:target_repo/dg_projects/openedx/openedx/sensors/openedx.py,script,"{""name"": ""python:target_repo/dg_projects/openedx/openedx/sensors/openedx.py"", ""kind"": ""script"", ""source_files"": [""target_repo/dg_projects/openedx/openedx/sensors/openedx.py""]}"
python:target_repo/dg_projects/openedx/openedx/partitions/__init__.py,script,"{""name"": ""python:target_repo/dg_projects/openedx/openedx/partitions/__init__.py"", ""kind"": ""script"", ""source_files"": [""target_repo/dg_projects/openedx/openedx/partitions/__init__.py""]}"
python:target_repo/dg_projects/openedx/openedx/partitions/openedx.py,script,"{""name"": ""python:target_repo/dg_projects/openedx/openedx/partitions/openedx.py"", ""kind"": ""script"", ""source_files"": [""target_repo/dg_projects/openedx/openedx/partitions/openedx.py""]}"
python:target_repo/dg_projects/openedx/openedx/lib/assets_helper.py,script,"{""name"": ""python:target_repo/dg_projects/openedx/openedx/lib/assets_helper.py"", ""kind"": ""script"", ""source_files"": [""target_repo/dg_projects/openedx/openedx/lib/assets_helper.py""]}"
python:target_repo/dg_projects/openedx/openedx/lib/__init__.py,script,"{""name"": ""python:target_repo/dg_projects/openedx/openedx/lib/__init__.py"", ""kind"": ""script"", ""source_files"": [""target_repo/dg_projects/openedx/openedx/lib/__init__.py""]}"
python:target_repo/dg_projects/openedx/openedx/lib/magic_numbers.py,script,"{""name"": ""python:target_repo/dg_projects/openedx/openedx/lib/magic_numbers.py"", ""kind"": ""script"", ""source_files"": [""target_repo/dg_projects/openedx/openedx/lib/magic_numbers.py""]}"
python:target_repo/dg_projects/canvas/canvas_tests/__init__.py,script,"{""name"": ""python:target_repo/dg_projects/canvas/canvas_tests/__init__.py"", ""kind"": ""script"", ""source_files"": [""target_repo/dg_projects/canvas/canvas_tests/__init__.py""]}"
python:target_repo/dg_projects/canvas/canvas/definitions.py,script,"{""name"": ""python:target_repo/dg_projects/canvas/canvas/definitions.py"", ""kind"": ""script"", ""source_files"": [""target_repo/dg_projects/canvas/canvas/definitions.py""]}"
python:target_repo/dg_projects/canvas/canvas/__init__.py,script,"{""name"": ""python:target_repo/dg_projects/canvas/canvas/__init__.py"", ""kind"": ""script"", ""source_files"": [""target_repo/dg_projects/canvas/canvas/__init__.py""]}"
python:target_repo/dg_projects/canvas/canvas/resources/__init__.py,script,"{""name"": ""python:target_repo/dg_projects/canvas/canvas/resources/__init__.py"", ""kind"": ""script"", ""source_files"": [""target_repo/dg_projects/canvas/canvas/resources/__init__.py""]}"
python:target_repo/dg_projects/canvas/canvas/resources/api_client_factory.py,script,"{""name"": ""python:target_repo/dg_projects/canvas/canvas/resources/api_client_factory.py"", ""kind"": ""script"", ""source_files"": [""target_repo/dg_projects/canvas/canvas/resources/api_client_factory.py""]}"
python:target_repo/dg_projects/canvas/canvas/defs/__init__.py,script,"{""name"": ""python:target_repo/dg_projects/canvas/canvas/defs/__init__.py"", ""kind"": ""script"", ""source_files"": [""target_repo/dg_projects/canvas/canvas/defs/__init__.py""]}"
python:target_repo/dg_projects/canvas/canvas/assets/canvas.py,script,"{""name"": ""python:target_repo/dg_projects/canvas/canvas/assets/canvas.py"", ""kind"": ""script"", ""source_files"": [""target_repo/dg_projects/canvas/canvas/assets/canvas.py""]}"
python:target_repo/dg_projects/canvas/canvas/assets/__init__.py,script,"{""name"": ""python:target_repo/dg_projects/canvas/canvas/assets/__init__.py"", ""kind"": ""script"", ""source_files"": [""target_repo/dg_projects/canvas/canvas/assets/__init__.py""]}"
python:target_repo/dg_projects/canvas/canvas/sensors/canvas.py,script,"{""name"": ""python:target_repo/dg_projects/canvas/canvas/sensors/canvas.py"", ""kind"": ""script"", ""source_files"": [""target_repo/dg_projects/canvas/canvas/sensors/canvas.py""]}"
python:target_repo/dg_projects/canvas/canvas/sensors/__init__.py,script,"{""name"": ""python:target_repo/dg_projects/canvas/canvas/sensors/__init__.py"", ""kind"": ""script"", ""source_files"": [""target_repo/dg_projects/canvas/canvas/sensors/__init__.py""]}"
python:target_repo/dg_projects/canvas/canvas/lib/canvas.py,script,"{""name"": ""python:target_repo/dg_projects/canvas/canvas/lib/canvas.py"", ""kind"": ""script"", ""source_files"": [""target_repo/dg_projects/canvas/canvas/lib/canvas.py""]}"
python:target_repo/dg_projects/canvas/canvas/lib/__init__.py,script,"{""name"": ""python:target_repo/dg_projects/canvas/canvas/lib/__init__.py"", ""kind"": ""script"", ""source_files"": [""target_repo/dg_projects/canvas/canvas/lib/__init__.py""]}"
python:target_repo/dg_projects/edxorg/edxorg_tests/__init__.py,script,"{""name"": ""python:target_repo/dg_projects/edxorg/edxorg_tests/__init__.py"", ""kind"": ""script"", ""source_files"": [""target_repo/dg_projects/edxorg/edxorg_tests/__init__.py""]}"
python:target_repo/dg_projects/edxorg/edxorg_tests/test_edxorg_lib.py,script,"{""name"": ""python:target_repo/dg_projects/edxorg/edxorg_tests/test_edxorg_lib.py"", ""kind"": ""script"", ""source_files"": [""target_repo/dg_projects/edxorg/edxorg_tests/test_edxorg_lib.py""]}"
python:target_repo/dg_projects/edxorg/edxorg/definitions.py,script,"{""name"": ""python:target_repo/dg_projects/edxorg/edxorg/definitions.py"", ""kind"": ""script"", ""source_files"": [""target_repo/dg_projects/edxorg/edxorg/definitions.py""]}"
python:target_repo/dg_projects/edxorg/edxorg/__init__.py,script,"{""name"": ""python:target_repo/dg_projects/edxorg/edxorg/__init__.py"", ""kind"": ""script"", ""source_files"": [""target_repo/dg_projects/edxorg/edxorg/__init__.py""]}"
python:target_repo/dg_projects/edxorg/edxorg/ops/edx_gcs_courses.py,script,"{""name"": ""python:target_repo/dg_projects/edxorg/edxorg/ops/edx_gcs_courses.py"", ""kind"": ""script"", ""source_files"": [""target_repo/dg_projects/edxorg/edxorg/ops/edx_gcs_courses.py""]}"
python:target_repo/dg_projects/edxorg/edxorg/ops/__init__.py,script,"{""name"": ""python:target_repo/dg_projects/edxorg/edxorg/ops/__init__.py"", ""kind"": ""script"", ""source_files"": [""target_repo/dg_projects/edxorg/edxorg/ops/__init__.py""]}"
python:target_repo/dg_projects/edxorg/edxorg/ops/object_storage.py,script,"{""name"": ""python:target_repo/dg_projects/edxorg/edxorg/ops/object_storage.py"", ""kind"": ""script"", ""source_files"": [""target_repo/dg_projects/edxorg/edxorg/ops/object_storage.py""]}"
python:target_repo/dg_projects/edxorg/edxorg/io_managers/__init__.py,script,"{""name"": ""python:target_repo/dg_projects/edxorg/edxorg/io_managers/__init__.py"", ""kind"": ""script"", ""source_files"": [""target_repo/dg_projects/edxorg/edxorg/io_managers/__init__.py""]}"
python:target_repo/dg_projects/edxorg/edxorg/io_managers/gcs.py,script,"{""name"": ""python:target_repo/dg_projects/edxorg/edxorg/io_managers/gcs.py"", ""kind"": ""script"", ""source_files"": [""target_repo/dg_projects/edxorg/edxorg/io_managers/gcs.py""]}"
python:target_repo/dg_projects/edxorg/edxorg/defs/__init__.py,script,"{""name"": ""python:target_repo/dg_projects/edxorg/edxorg/defs/__init__.py"", ""kind"": ""script"", ""source_files"": [""target_repo/dg_projects/edxorg/edxorg/defs/__init__.py""]}"
python:target_repo/dg_projects/edxorg/edxorg/jobs/edx_gcs_courses.py,script,"{""name"": ""python:target_repo/dg_projects/edxorg/edxorg/jobs/edx_gcs_courses.py"", ""kind"": ""script"", ""source_files"": [""target_repo/dg_projects/edxorg/edxorg/jobs/edx_gcs_courses.py""]}"
python:target_repo/dg_projects/edxorg/edxorg/jobs/__init__.py,script,"{""name"": ""python:target_repo/dg_projects/edxorg/edxorg/jobs/__init__.py"", ""kind"": ""script"", ""source_files"": [""target_repo/dg_projects/edxorg/edxorg/jobs/__init__.py""]}"
python:target_repo/dg_projects/edxorg/edxorg/jobs/retrieve_edx_exports.py,script,"{""name"": ""python:target_repo/dg_projects/edxorg/edxorg/jobs/retrieve_edx_exports.py"", ""kind"": ""script"", ""source_files"": [""target_repo/dg_projects/edxorg/edxorg/jobs/retrieve_edx_exports.py""]}"
python:target_repo/dg_projects/edxorg/edxorg/assets/openedx_course_archives.py,script,"{""name"": ""python:target_repo/dg_projects/edxorg/edxorg/assets/openedx_course_archives.py"", ""kind"": ""script"", ""source_files"": [""target_repo/dg_projects/edxorg/edxorg/assets/openedx_course_archives.py""]}"
python:target_repo/dg_projects/edxorg/edxorg/assets/edxorg_db_table_specs.py,script,"{""name"": ""python:target_repo/dg_projects/edxorg/edxorg/assets/edxorg_db_table_specs.py"", ""kind"": ""script"", ""source_files"": [""target_repo/dg_projects/edxorg/edxorg/assets/edxorg_db_table_specs.py""]}"
python:target_repo/dg_projects/edxorg/edxorg/assets/__init__.py,script,"{""name"": ""python:target_repo/dg_projects/edxorg/edxorg/assets/__init__.py"", ""kind"": ""script"", ""source_files"": [""target_repo/dg_projects/edxorg/edxorg/assets/__init__.py""]}"
python:target_repo/dg_projects/edxorg/edxorg/assets/edxorg_api.py,script,"{""name"": ""python:target_repo/dg_projects/edxorg/edxorg/assets/edxorg_api.py"", ""kind"": ""script"", ""source_files"": [""target_repo/dg_projects/edxorg/edxorg/assets/edxorg_api.py""]}"
python:target_repo/dg_projects/edxorg/edxorg/assets/edxorg_archive.py,script,"{""name"": ""python:target_repo/dg_projects/edxorg/edxorg/assets/edxorg_archive.py"", ""kind"": ""script"", ""source_files"": [""target_repo/dg_projects/edxorg/edxorg/assets/edxorg_archive.py""]}"
"f""""""
            CREATE TABLE tracking_logs AS
            SELECT * FROM read_ndjson_auto('{edxorg_raw_tracking_log}',
            FILENAME=1, union_by_name=1, maximum_depth=1, ignore_errors=true);
            ",dataset,"{""name"": ""f\""\""\""\n            CREATE TABLE tracking_logs AS\n            SELECT * FROM read_ndjson_auto('{edxorg_raw_tracking_log}',\n            FILENAME=1, union_by_name=1, maximum_depth=1, ignore_errors=true);\n            "", ""kind"": ""dataset"", ""source_files"": [""target_repo/dg_projects/edxorg/edxorg/assets/edxorg_archive.py""]}"
"SELECT column_name FROM information_schema.columns
            WHERE table_name = 'tracking_logs'
            ",dataset,"{""name"": ""SELECT column_name FROM information_schema.columns\n            WHERE table_name = 'tracking_logs'\n            "", ""kind"": ""dataset"", ""source_files"": [""target_repo/dg_projects/edxorg/edxorg/assets/edxorg_archive.py""]}"
"f""""""COPY (SELECT {"", "".join(columns)} FROM tracking_logs)
            TO '{transformed_logs}' (FORMAT JSON)
            ",dataset,"{""name"": ""f\""\""\""COPY (SELECT {\"", \"".join(columns)} FROM tracking_logs)\n            TO '{transformed_logs}' (FORMAT JSON)\n            "", ""kind"": ""dataset"", ""source_files"": [""target_repo/dg_projects/edxorg/edxorg/assets/edxorg_archive.py""]}"
python:target_repo/dg_projects/edxorg/edxorg/sensors/__init__.py,script,"{""name"": ""python:target_repo/dg_projects/edxorg/edxorg/sensors/__init__.py"", ""kind"": ""script"", ""source_files"": [""target_repo/dg_projects/edxorg/edxorg/sensors/__init__.py""]}"
python:target_repo/dg_projects/edxorg/edxorg/lib/__init__.py,script,"{""name"": ""python:target_repo/dg_projects/edxorg/edxorg/lib/__init__.py"", ""kind"": ""script"", ""source_files"": [""target_repo/dg_projects/edxorg/edxorg/lib/__init__.py""]}"
python:target_repo/dg_projects/edxorg/edxorg/lib/edxorg.py,script,"{""name"": ""python:target_repo/dg_projects/edxorg/edxorg/lib/edxorg.py"", ""kind"": ""script"", ""source_files"": [""target_repo/dg_projects/edxorg/edxorg/lib/edxorg.py""]}"
python:target_repo/dg_projects/lakehouse/lakehouse/definitions.py,script,"{""name"": ""python:target_repo/dg_projects/lakehouse/lakehouse/definitions.py"", ""kind"": ""script"", ""source_files"": [""target_repo/dg_projects/lakehouse/lakehouse/definitions.py""]}"
python:target_repo/dg_projects/lakehouse/lakehouse/__init__.py,script,"{""name"": ""python:target_repo/dg_projects/lakehouse/lakehouse/__init__.py"", ""kind"": ""script"", ""source_files"": [""target_repo/dg_projects/lakehouse/lakehouse/__init__.py""]}"
python:target_repo/dg_projects/lakehouse/lakehouse/resources/__init__.py,script,"{""name"": ""python:target_repo/dg_projects/lakehouse/lakehouse/resources/__init__.py"", ""kind"": ""script"", ""source_files"": [""target_repo/dg_projects/lakehouse/lakehouse/resources/__init__.py""]}"
python:target_repo/dg_projects/lakehouse/lakehouse/resources/superset_api.py,script,"{""name"": ""python:target_repo/dg_projects/lakehouse/lakehouse/resources/superset_api.py"", ""kind"": ""script"", ""source_files"": [""target_repo/dg_projects/lakehouse/lakehouse/resources/superset_api.py""]}"
python:target_repo/dg_projects/lakehouse/lakehouse/resources/airbyte.py,script,"{""name"": ""python:target_repo/dg_projects/lakehouse/lakehouse/resources/airbyte.py"", ""kind"": ""script"", ""source_files"": [""target_repo/dg_projects/lakehouse/lakehouse/resources/airbyte.py""]}"
python:target_repo/dg_projects/lakehouse/lakehouse/defs/__init__.py,script,"{""name"": ""python:target_repo/dg_projects/lakehouse/lakehouse/defs/__init__.py"", ""kind"": ""script"", ""source_files"": [""target_repo/dg_projects/lakehouse/lakehouse/defs/__init__.py""]}"
python:target_repo/dg_projects/lakehouse/lakehouse/assets/__init__.py,script,"{""name"": ""python:target_repo/dg_projects/lakehouse/lakehouse/assets/__init__.py"", ""kind"": ""script"", ""source_files"": [""target_repo/dg_projects/lakehouse/lakehouse/assets/__init__.py""]}"
python:target_repo/dg_projects/lakehouse/lakehouse/assets/instructor_onboarding.py,script,"{""name"": ""python:target_repo/dg_projects/lakehouse/lakehouse/assets/instructor_onboarding.py"", ""kind"": ""script"", ""source_files"": [""target_repo/dg_projects/lakehouse/lakehouse/assets/instructor_onboarding.py""]}"
python:target_repo/dg_projects/lakehouse/lakehouse/assets/superset.py,script,"{""name"": ""python:target_repo/dg_projects/lakehouse/lakehouse/assets/superset.py"", ""kind"": ""script"", ""source_files"": [""target_repo/dg_projects/lakehouse/lakehouse/assets/superset.py""]}"
python:target_repo/dg_projects/lakehouse/lakehouse/assets/lakehouse/__init__.py,script,"{""name"": ""python:target_repo/dg_projects/lakehouse/lakehouse/assets/lakehouse/__init__.py"", ""kind"": ""script"", ""source_files"": [""target_repo/dg_projects/lakehouse/lakehouse/assets/lakehouse/__init__.py""]}"
python:target_repo/dg_projects/lakehouse/lakehouse/assets/lakehouse/dbt.py,script,"{""name"": ""python:target_repo/dg_projects/lakehouse/lakehouse/assets/lakehouse/dbt.py"", ""kind"": ""script"", ""source_files"": [""target_repo/dg_projects/lakehouse/lakehouse/assets/lakehouse/dbt.py""]}"
python:target_repo/dg_projects/lakehouse/lakehouse/lib/__init__.py,script,"{""name"": ""python:target_repo/dg_projects/lakehouse/lakehouse/lib/__init__.py"", ""kind"": ""script"", ""source_files"": [""target_repo/dg_projects/lakehouse/lakehouse/lib/__init__.py""]}"
python:target_repo/dg_projects/lakehouse/lakehouse_tests/__init__.py,script,"{""name"": ""python:target_repo/dg_projects/lakehouse/lakehouse_tests/__init__.py"", ""kind"": ""script"", ""source_files"": [""target_repo/dg_projects/lakehouse/lakehouse_tests/__init__.py""]}"
python:target_repo/dg_projects/b2b_organization/__init__.py,script,"{""name"": ""python:target_repo/dg_projects/b2b_organization/__init__.py"", ""kind"": ""script"", ""source_files"": [""target_repo/dg_projects/b2b_organization/__init__.py""]}"
python:target_repo/dg_projects/b2b_organization/b2b_organization/definitions.py,script,"{""name"": ""python:target_repo/dg_projects/b2b_organization/b2b_organization/definitions.py"", ""kind"": ""script"", ""source_files"": [""target_repo/dg_projects/b2b_organization/b2b_organization/definitions.py""]}"
python:target_repo/dg_projects/b2b_organization/b2b_organization/__init__.py,script,"{""name"": ""python:target_repo/dg_projects/b2b_organization/b2b_organization/__init__.py"", ""kind"": ""script"", ""source_files"": [""target_repo/dg_projects/b2b_organization/b2b_organization/__init__.py""]}"
python:target_repo/dg_projects/b2b_organization/b2b_organization/defs/__init__.py,script,"{""name"": ""python:target_repo/dg_projects/b2b_organization/b2b_organization/defs/__init__.py"", ""kind"": ""script"", ""source_files"": [""target_repo/dg_projects/b2b_organization/b2b_organization/defs/__init__.py""]}"
python:target_repo/dg_projects/b2b_organization/b2b_organization/assets/data_export.py,script,"{""name"": ""python:target_repo/dg_projects/b2b_organization/b2b_organization/assets/data_export.py"", ""kind"": ""script"", ""source_files"": [""target_repo/dg_projects/b2b_organization/b2b_organization/assets/data_export.py""]}"
python:target_repo/dg_projects/b2b_organization/b2b_organization/assets/__init__.py,script,"{""name"": ""python:target_repo/dg_projects/b2b_organization/b2b_organization/assets/__init__.py"", ""kind"": ""script"", ""source_files"": [""target_repo/dg_projects/b2b_organization/b2b_organization/assets/__init__.py""]}"
python:target_repo/dg_projects/b2b_organization/b2b_organization/sensors/__init__.py,script,"{""name"": ""python:target_repo/dg_projects/b2b_organization/b2b_organization/sensors/__init__.py"", ""kind"": ""script"", ""source_files"": [""target_repo/dg_projects/b2b_organization/b2b_organization/sensors/__init__.py""]}"
python:target_repo/dg_projects/b2b_organization/b2b_organization/sensors/b2b_organization.py,script,"{""name"": ""python:target_repo/dg_projects/b2b_organization/b2b_organization/sensors/b2b_organization.py"", ""kind"": ""script"", ""source_files"": [""target_repo/dg_projects/b2b_organization/b2b_organization/sensors/b2b_organization.py""]}"
python:target_repo/dg_projects/b2b_organization/b2b_organization/partitions/__init__.py,script,"{""name"": ""python:target_repo/dg_projects/b2b_organization/b2b_organization/partitions/__init__.py"", ""kind"": ""script"", ""source_files"": [""target_repo/dg_projects/b2b_organization/b2b_organization/partitions/__init__.py""]}"
python:target_repo/dg_projects/b2b_organization/b2b_organization/partitions/b2b_organization.py,script,"{""name"": ""python:target_repo/dg_projects/b2b_organization/b2b_organization/partitions/b2b_organization.py"", ""kind"": ""script"", ""source_files"": [""target_repo/dg_projects/b2b_organization/b2b_organization/partitions/b2b_organization.py""]}"
python:target_repo/dg_projects/b2b_organization/b2b_organization_tests/__init__.py,script,"{""name"": ""python:target_repo/dg_projects/b2b_organization/b2b_organization_tests/__init__.py"", ""kind"": ""script"", ""source_files"": [""target_repo/dg_projects/b2b_organization/b2b_organization_tests/__init__.py""]}"
python:target_repo/dg_projects/data_platform/orchestration_platform_tests/__init__.py,script,"{""name"": ""python:target_repo/dg_projects/data_platform/orchestration_platform_tests/__init__.py"", ""kind"": ""script"", ""source_files"": [""target_repo/dg_projects/data_platform/orchestration_platform_tests/__init__.py""]}"
python:target_repo/dg_projects/data_platform/data_platform/definitions.py,script,"{""name"": ""python:target_repo/dg_projects/data_platform/data_platform/definitions.py"", ""kind"": ""script"", ""source_files"": [""target_repo/dg_projects/data_platform/data_platform/definitions.py""]}"
python:target_repo/dg_projects/data_platform/data_platform/__init__.py,script,"{""name"": ""python:target_repo/dg_projects/data_platform/data_platform/__init__.py"", ""kind"": ""script"", ""source_files"": [""target_repo/dg_projects/data_platform/data_platform/__init__.py""]}"
python:target_repo/dg_projects/data_platform/data_platform/defs/__init__.py,script,"{""name"": ""python:target_repo/dg_projects/data_platform/data_platform/defs/__init__.py"", ""kind"": ""script"", ""source_files"": [""target_repo/dg_projects/data_platform/data_platform/defs/__init__.py""]}"
python:target_repo/dg_projects/data_platform/data_platform/assets/__init__.py,script,"{""name"": ""python:target_repo/dg_projects/data_platform/data_platform/assets/__init__.py"", ""kind"": ""script"", ""source_files"": [""target_repo/dg_projects/data_platform/data_platform/assets/__init__.py""]}"
python:target_repo/dg_projects/data_platform/data_platform/assets/metadata/databases.py,script,"{""name"": ""python:target_repo/dg_projects/data_platform/data_platform/assets/metadata/databases.py"", ""kind"": ""script"", ""source_files"": [""target_repo/dg_projects/data_platform/data_platform/assets/metadata/databases.py""]}"
python:target_repo/dg_projects/data_platform/data_platform/assets/metadata/__init__.py,script,"{""name"": ""python:target_repo/dg_projects/data_platform/data_platform/assets/metadata/__init__.py"", ""kind"": ""script"", ""source_files"": [""target_repo/dg_projects/data_platform/data_platform/assets/metadata/__init__.py""]}"
python:target_repo/dg_projects/data_platform/data_platform/lib/__init__.py,script,"{""name"": ""python:target_repo/dg_projects/data_platform/data_platform/lib/__init__.py"", ""kind"": ""script"", ""source_files"": [""target_repo/dg_projects/data_platform/data_platform/lib/__init__.py""]}"
python:target_repo/dg_projects/student_risk_probability/__init__.py,script,"{""name"": ""python:target_repo/dg_projects/student_risk_probability/__init__.py"", ""kind"": ""script"", ""source_files"": [""target_repo/dg_projects/student_risk_probability/__init__.py""]}"
python:target_repo/dg_projects/student_risk_probability/student_risk_probability/definitions.py,script,"{""name"": ""python:target_repo/dg_projects/student_risk_probability/student_risk_probability/definitions.py"", ""kind"": ""script"", ""source_files"": [""target_repo/dg_projects/student_risk_probability/student_risk_probability/definitions.py""]}"
python:target_repo/dg_projects/student_risk_probability/student_risk_probability/__init__.py,script,"{""name"": ""python:target_repo/dg_projects/student_risk_probability/student_risk_probability/__init__.py"", ""kind"": ""script"", ""source_files"": [""target_repo/dg_projects/student_risk_probability/student_risk_probability/__init__.py""]}"
python:target_repo/dg_projects/student_risk_probability/student_risk_probability/resources/__init__.py,script,"{""name"": ""python:target_repo/dg_projects/student_risk_probability/student_risk_probability/resources/__init__.py"", ""kind"": ""script"", ""source_files"": [""target_repo/dg_projects/student_risk_probability/student_risk_probability/resources/__init__.py""]}"
python:target_repo/dg_projects/student_risk_probability/student_risk_probability/assets/risk_probability.py,script,"{""name"": ""python:target_repo/dg_projects/student_risk_probability/student_risk_probability/assets/risk_probability.py"", ""kind"": ""script"", ""source_files"": [""target_repo/dg_projects/student_risk_probability/student_risk_probability/assets/risk_probability.py""]}"
python:target_repo/dg_projects/student_risk_probability/student_risk_probability/assets/__init__.py,script,"{""name"": ""python:target_repo/dg_projects/student_risk_probability/student_risk_probability/assets/__init__.py"", ""kind"": ""script"", ""source_files"": [""target_repo/dg_projects/student_risk_probability/student_risk_probability/assets/__init__.py""]}"
python:target_repo/dg_projects/student_risk_probability/student_risk_probability/lib/__init__.py,script,"{""name"": ""python:target_repo/dg_projects/student_risk_probability/student_risk_probability/lib/__init__.py"", ""kind"": ""script"", ""source_files"": [""target_repo/dg_projects/student_risk_probability/student_risk_probability/lib/__init__.py""]}"
python:target_repo/dg_projects/student_risk_probability/student_risk_probability/lib/helper.py,script,"{""name"": ""python:target_repo/dg_projects/student_risk_probability/student_risk_probability/lib/helper.py"", ""kind"": ""script"", ""source_files"": [""target_repo/dg_projects/student_risk_probability/student_risk_probability/lib/helper.py""]}"
